id,requirement_sentence,true_label,llm_category,llm_confidence,llm_explanation,llm_suggestion
1,The system should be fast.,ambiguous,ambiguous,0.95,The requirement uses vague wording that is open to multiple interpretations.,"Specify a measurable performance metric, such as response time or throughput."
2,The application should load quickly.,ambiguous,unverifiable,0.95,The requirement uses subjective language ('quickly') that is not objectively testable.,"Specify a measurable load time, such as 'The application should load within 3 seconds.'"
3,The system should be easy to use.,ambiguous,unverifiable,0.95,The requirement uses subjective language ('easy to use') that is not objectively testable.,"Specify measurable criteria for usability, such as task completion time or error rate."
4,The software should be flexible.,ambiguous,unverifiable,0.95,The term 'flexible' is subjective and not objectively testable.,Specify what aspects of the software need to be flexible and how this flexibility can be measured or tested.
5,The system should be efficient.,ambiguous,ambiguous,0.95,"The term 'efficient' is vague and can be interpreted in multiple ways, such as speed, resource usage, or cost-effectiveness.","Specify what aspect of efficiency is required, such as 'The system should process transactions within 1 second using no more than 50% CPU usage.'"
6,The admin can manage user accounts and permissions.,incomplete,incomplete,0.9,"The requirement lacks specific details about what 'manage' entails, such as actions, conditions, or expected outcomes.","Specify the actions the admin can perform, such as create, update, delete, and the conditions or constraints for managing accounts and permissions."
7,The system generates reports.,incomplete,incomplete,0.95,"The requirement is missing key information such as the type of reports, the conditions under which they are generated, and the expected outcome.","Specify the type of reports, the conditions for generation, and the expected outcome."
8,Notifications should be sent.,incomplete,incomplete,0.95,"The requirement lacks key information such as the actor responsible for sending notifications, the conditions under which notifications should be sent, and the expected outcome or format of the notifications.","Specify who sends the notifications, under what conditions, and what the expected outcome or format should be."
9,The user can update details.,incomplete,incomplete,0.9,"The requirement is missing key information such as what details can be updated, under what conditions, and what the expected outcome is.","Specify the details that can be updated, the conditions under which updates can occur, and the expected outcome of the update."
10,The application stores data.,incomplete,incomplete,0.9,"The requirement lacks details about what data is stored, how it is stored, and under what conditions.","Specify the type of data, storage method, and conditions for data storage."
11,The interface must be user-friendly.,unverifiable,unverifiable,0.95,"The requirement uses subjective quality words like 'user-friendly', which are not objectively testable.","Specify measurable criteria for user-friendliness, such as task completion time or user satisfaction scores."
12,The website should be attractive.,unverifiable,unverifiable,0.95,The requirement uses subjective language ('attractive') that is not objectively testable.,"Specify measurable criteria for attractiveness, such as design standards or user feedback metrics."
13,The system should feel smooth.,unverifiable,unverifiable,0.95,The requirement uses subjective language ('feel smooth') which is not objectively testable.,"Specify measurable criteria for system performance, such as response time or resource usage."
14,The app should be intuitive.,unverifiable,unverifiable,0.95,The requirement uses subjective language that is not objectively testable.,"Specify measurable criteria for intuitiveness, such as user task completion time or error rate."
15,The software should be convenient.,unverifiable,unverifiable,0.95,The term 'convenient' is subjective and not objectively testable.,"Specify measurable criteria for convenience, such as reducing the number of steps to complete a task."
16,The system shall respond within 2 seconds.,well-defined,well-defined,0.95,"The requirement is clear, specific, measurable, and testable as it specifies a response time of 2 seconds.",No revision needed as the requirement is well-defined.
17,The database backup shall run every 24 hours.,well-defined,well-defined,0.95,"The requirement specifies a clear, measurable, and testable condition with a defined frequency for the database backup.",No revision needed as the requirement is already well-defined.
18,The system shall support 500 concurrent users.,well-defined,well-defined,0.95,"The requirement specifies a clear, measurable, and testable condition regarding the number of concurrent users the system should support.",No revision needed as the requirement is already well-defined.
19,The user shall receive an email within 1 minute of registration.,well-defined,well-defined,0.95,"The requirement specifies a clear action (receiving an email), a measurable time frame (within 1 minute), and a specific event (registration), making it clear, specific, measurable, and testable.",No revision needed as the requirement is well-defined.
20,The system shall lock an account after 5 failed login attempts.,well-defined,well-defined,0.95,"The requirement is clear, specific, and includes measurable criteria (5 failed login attempts) and an objective outcome (lock an account).",No revision needed as the requirement is already well-defined.
21,The system shall provide the ability to record the user ID and date of all updates to the problem or diagnosis list,well-defined,well-defined,0.95,"The requirement specifies the action (record), the data to be recorded (user ID and date), and the context (updates to the problem or diagnosis list), making it clear and testable.",No revision needed as the requirement is well-defined.
22,The user ID and date or time stamp shall be recorded when the allergies reviewed option is selected,well-defined,ambiguous,0.95,The requirement is ambiguous because it is unclear whether both the date and time stamp are required or if either one is sufficient.,Specify whether both the date and time stamp are required or if either one is sufficient.
23,The system shall provide the ability to cosign a note and record the date and time of signature,well-defined,well-defined,0.95,"The requirement specifies a clear functionality (cosigning a note) and includes measurable outputs (recording the date and time of signature), making it specific and testable.",No revision needed as the requirement is well-defined.
24,The system shall provide the ability to record that patient specific instructions or educational material were provided to the patient,well-defined,incomplete,0.9,"The requirement lacks specific details such as who will perform the action, under what conditions, and what constitutes successful recording.","Specify the actor, conditions, and criteria for successful recording of the instructions or materials."
25,The system shall provide the ability to record user ID and date or time stamp for all referral related events,well-defined,well-defined,0.9,"The requirement specifies the action (record), the data to be recorded (user ID and date or time stamp), and the context (all referral related events), making it clear and testable.",No revision needed as the requirement is already well-defined.
26,The system shall allow authorized users to update the directory,incomplete,incomplete,0.9,The requirement is missing key information such as the specific conditions under which the update occurs and the expected outcome of the update.,"Specify the conditions for updating and the expected outcome, such as 'The system shall allow authorized users to update the directory with new contact information, logging each change with a timestamp and user ID.'"
27,The system shall provide the ability to generate hardcopy and electronic output by date possibly and possibly date range,ambiguous,ambiguous,0.95,The requirement uses vague wording such as 'possibly' which makes it open to multiple interpretations.,"Clarify whether the system must support both date and date range, and specify the conditions under which each should be used."
28,The system shall provide the ability to export structured data which removes those identifiers listed in the HIPAA definition of a limited dataset,well-defined,well-defined,0.9,"The requirement specifies a clear action (export structured data) and a specific condition (removal of identifiers as per HIPAA's definition of a limited dataset), making it measurable and testable.",Ensure that the system's implementation aligns with the latest HIPAA guidelines for a limited dataset.
29,This export on hardcopy and electronic output shall leave the actual PHI data unmodified in the original record,well-defined,well-defined,0.9,"The requirement specifies that the export process should not alter the PHI data in the original record, which is clear and testable.",No revision needed as the requirement is already well-defined.
30,The system shall provide the ability to create report summaries.,incomplete,incomplete,0.9,"The requirement is missing key information such as who will create the report summaries, under what conditions, and what the expected outcome is.","Specify the actor, conditions, and expected outcome for creating report summaries."
